model_name,dataset_path,dataset_config,horizon,num_windows,initial_cutoff,window_step_size,min_context_length,max_context_length,seasonality,eval_metric,extra_metrics,quantile_levels,id_column,timestamp_column,target,generate_univariate_targets_from,known_dynamic_columns,past_dynamic_columns,static_columns,task_name,test_error,training_time_s,inference_time_s,num_forecasts,dataset_fingerprint,trained_on_this_dataset,fev_version,SQL,MASE,WAPE,WQL,best_lags,effective_input_length,use_kpss,use_ols,new_metric,standardize
autoar,autogluon/fev_datasets,proenfo_gfc12,168,10,-1680,168,1,,24,SQL,"['MASE', {'name': 'WAPE', 'epsilon': 1.0}, {'name': 'WQL', 'epsilon': 1.0}]","[0.1, 0.2, 0.3, 0.4, 0.5, 0.6, 0.7, 0.8, 0.9]",id,timestamp,target,,['airtemperature'],[],[],proenfo_gfc12,1.1946395896828406,11.778924481477588,0.8557750671170652,110,7c9ee0786e7de9fc,False,0.7.1,1.1946395896828406,1.1946395896828406,0.1038892287432502,0.10388922377673164,192,512,True,True,True,True
autoar,autogluon/fev_datasets,proenfo_gfc14,168,20,-3360,168,1,,24,SQL,"['MASE', {'name': 'WAPE', 'epsilon': 1.0}, {'name': 'WQL', 'epsilon': 1.0}]","[0.1, 0.2, 0.3, 0.4, 0.5, 0.6, 0.7, 0.8, 0.9]",id,timestamp,target,,['airtemperature'],[],[],proenfo_gfc14,0.9927889867713384,7.562336498405784,0.27786686830222607,20,eb4b54a1ec3114bf,False,0.7.1,0.9927889867713384,0.9927889867713384,0.04864508692178672,0.04864508627622682,192,512,True,True,True,True
autoar,autogluon/fev_datasets,proenfo_gfc17,168,20,-3360,168,1,,24,SQL,"['MASE', {'name': 'WAPE', 'epsilon': 1.0}, {'name': 'WQL', 'epsilon': 1.0}]","[0.1, 0.2, 0.3, 0.4, 0.5, 0.6, 0.7, 0.8, 0.9]",id,timestamp,target,,['airtemperature'],[],[],proenfo_gfc17,1.198007136726392,10.751356208696961,1.3847703551873565,160,2c63b48ca8f6dd9a,False,0.7.1,1.198007136726392,1.198007136726392,0.08127736417704953,0.08127736414664083,192,512,True,True,True,True
autoar,autogluon/fev_datasets,rohlik_sales_1D,14,1,2023-12-15T00:00:00,14,14,,7,SQL,"['MASE', {'name': 'WAPE', 'epsilon': 1.0}, {'name': 'WQL', 'epsilon': 1.0}]","[0.1, 0.2, 0.3, 0.4, 0.5, 0.6, 0.7, 0.8, 0.9]",id,timestamp,sales,,"['holiday', 'school_holidays', 'sell_price_main', 'shops_closed', 'total_orders', 'type_0_discount', 'type_1_discount', 'type_2_discount', 'type_3_discount', 'type_4_discount', 'type_5_discount', 'type_6_discount', 'winter_school_holidays']",['availability'],"['L1_category_name_en', 'L2_category_name_en', 'L3_category_name_en', 'L4_category_name_en', 'name', 'product_unique_id', 'warehouse']",rohlik_sales_1D,1.5129106121795393,4.543902459088713,0.10312647698447108,4116,c475daf9af96ed16,False,0.7.1,1.5129106121795393,1.5129106121795393,0.41506371727331537,0.41506373442768296,192,512,True,True,True,True
autoar,autogluon/fev_datasets,rohlik_orders_1D,61,5,2023-05-01T00:00:00,61,1,,7,SQL,"['MASE', {'name': 'WAPE', 'epsilon': 1.0}, {'name': 'WQL', 'epsilon': 1.0}]","[0.1, 0.2, 0.3, 0.4, 0.5, 0.6, 0.7, 0.8, 0.9]",id,timestamp,orders,,"['holiday', 'school_holidays', 'shops_closed', 'winter_school_holidays']","['blackout', 'frankfurt_shutdown', 'mini_shutdown', 'mov_change', 'precipitation', 'shutdown', 'snow', 'user_activity_1', 'user_activity_2']",[],rohlik_orders_1D,1.6687913422200034,1.2957051801495254,0.033071279525756836,35,1774b84125cff789,False,0.7.1,1.6687913422200034,1.6687913422200034,0.07709139098656076,0.07709139047001355,192,512,True,True,True,True
autoar,autogluon/fev_datasets,rohlik_sales_1W,8,1,2023-12-15T00:00:00,8,8,,1,SQL,"['MASE', {'name': 'WAPE', 'epsilon': 1.0}, {'name': 'WQL', 'epsilon': 1.0}]","[0.1, 0.2, 0.3, 0.4, 0.5, 0.6, 0.7, 0.8, 0.9]",id,timestamp,sales,,"['holiday', 'school_holidays', 'sell_price_main', 'shops_closed', 'total_orders', 'type_0_discount', 'type_1_discount', 'type_2_discount', 'type_3_discount', 'type_4_discount', 'type_5_discount', 'type_6_discount', 'winter_school_holidays']",['availability'],"['L1_category_name_en', 'L2_category_name_en', 'L3_category_name_en', 'L4_category_name_en', 'name', 'product_unique_id', 'warehouse']",rohlik_sales_1W,1.8927549580506844,1.9022023058496416,0.25857765693217516,3942,09041d7a8a29c83f,False,0.7.1,1.8927549580506844,1.8927549580506844,0.2955649389277129,0.2955649235736837,128,166,True,True,True,True
autoar,autogluon/fev_datasets,rohlik_orders_1W,8,5,2023-05-01T00:00:00,8,1,,1,SQL,"['MASE', {'name': 'WAPE', 'epsilon': 1.0}, {'name': 'WQL', 'epsilon': 1.0}]","[0.1, 0.2, 0.3, 0.4, 0.5, 0.6, 0.7, 0.8, 0.9]",id,timestamp,orders,,"['holiday', 'school_holidays', 'shops_closed', 'winter_school_holidays']","['blackout', 'frankfurt_shutdown', 'mini_shutdown', 'mov_change', 'precipitation', 'shutdown', 'snow', 'user_activity_1', 'user_activity_2']",[],rohlik_orders_1W,1.7013961319783308,0.16720218770205975,0.006440604105591774,35,bbb0372c6d5883ab,False,0.7.1,1.7013961319783308,1.7013961319783308,0.056913444560043026,0.05691344466189131,64,116,True,True,True,True
autoar,autogluon/fev_datasets,entsoe_15T,96,20,-1920,96,1,,96,SQL,"['MASE', {'name': 'WAPE', 'epsilon': 1.0}, {'name': 'WQL', 'epsilon': 1.0}]","[0.1, 0.2, 0.3, 0.4, 0.5, 0.6, 0.7, 0.8, 0.9]",id,timestamp,target,,"['radiation_diffuse_horizontal', 'radiation_direct_horizontal', 'temperature']",[],[],entsoe_15T,0.8190020235222178,16.81431681010872,0.18027100805193186,120,4e80c208c8b54e76,False,0.7.1,0.8190020235222178,0.8190020235222178,0.05979055927019435,0.05979055913222846,384,512,True,True,True,True
autoar,autogluon/fev_datasets,entsoe_30T,96,20,-1920,96,1,,48,SQL,"['MASE', {'name': 'WAPE', 'epsilon': 1.0}, {'name': 'WQL', 'epsilon': 1.0}]","[0.1, 0.2, 0.3, 0.4, 0.5, 0.6, 0.7, 0.8, 0.9]",id,timestamp,target,,"['radiation_diffuse_horizontal', 'radiation_direct_horizontal', 'temperature']",[],[],entsoe_30T,0.9098241224058359,17.0094694388099,0.3057737681083381,120,7a3623a47fa39853,False,0.7.1,0.9098241224058359,0.9098241224058359,0.06170264137498936,0.06170264236232381,288,512,True,True,True,True
autoar,autogluon/fev_datasets,entsoe_1H,168,20,-3360,168,1,,24,SQL,"['MASE', {'name': 'WAPE', 'epsilon': 1.0}, {'name': 'WQL', 'epsilon': 1.0}]","[0.1, 0.2, 0.3, 0.4, 0.5, 0.6, 0.7, 0.8, 0.9]",id,timestamp,target,,"['radiation_diffuse_horizontal', 'radiation_direct_horizontal', 'temperature']",[],[],entsoe_1H,0.6768608005075358,17.10174248414114,1.265784662682563,120,a900217b9207dc1a,False,0.7.1,0.6768608005075358,0.6768608005075358,0.04322798855982247,0.04322798874335771,192,512,True,True,True,True
autoar,autogluon/fev_datasets,epf_be,24,20,-480,24,1,,24,SQL,"['MASE', {'name': 'WAPE', 'epsilon': 1.0}, {'name': 'WQL', 'epsilon': 1.0}]","[0.1, 0.2, 0.3, 0.4, 0.5, 0.6, 0.7, 0.8, 0.9]",id,timestamp,target,,"['Generation forecast', 'System load forecast']",[],[],epf_be,0.8560694009700281,8.874331253115088,0.05322411935776472,20,fef9300bbbbc0b06,False,0.7.1,0.8560694009700281,0.8560694009700281,0.15624501385899084,0.1562450129898917,192,512,True,True,True,True
autoar,autogluon/fev_datasets,epf_de,24,20,-480,24,1,,24,SQL,"['MASE', {'name': 'WAPE', 'epsilon': 1.0}, {'name': 'WQL', 'epsilon': 1.0}]","[0.1, 0.2, 0.3, 0.4, 0.5, 0.6, 0.7, 0.8, 0.9]",id,timestamp,target,,"['Ampirion Load Forecast', 'PV+Wind Forecast']",[],[],epf_de,1.425255223825038,8.386986256577075,0.058449231553822756,20,b0b822e47c7608d3,False,0.7.1,1.425255223825038,1.425255223825038,0.6230197987207262,0.6230197803689399,192,512,True,True,True,True
autoar,autogluon/fev_datasets,epf_fr,24,20,-480,24,1,,24,SQL,"['MASE', {'name': 'WAPE', 'epsilon': 1.0}, {'name': 'WQL', 'epsilon': 1.0}]","[0.1, 0.2, 0.3, 0.4, 0.5, 0.6, 0.7, 0.8, 0.9]",id,timestamp,target,,"['Generation forecast', 'System load forecast']",[],[],epf_fr,0.6750927241061653,8.625715656206012,0.05994548974558711,20,8f5f11f4c654e31f,False,0.7.1,0.6750927241061653,0.6750927241061653,0.10531917607616248,0.10531917569228937,192,512,True,True,True,True
autoar,autogluon/fev_datasets,epf_np,24,20,-480,24,1,,24,SQL,"['MASE', {'name': 'WAPE', 'epsilon': 1.0}, {'name': 'WQL', 'epsilon': 1.0}]","[0.1, 0.2, 0.3, 0.4, 0.5, 0.6, 0.7, 0.8, 0.9]",id,timestamp,target,,"['Grid load forecast', 'Wind power forecast']",[],[],epf_np,1.680414749910413,8.785271503031254,0.05574276112020016,20,269b47960e0cd2ad,False,0.7.1,1.680414749910413,1.680414749910413,0.07624939239937775,0.07624939119998295,192,512,True,True,True,True
autoar,autogluon/fev_datasets,epf_pjm,24,20,-480,24,1,,24,SQL,"['MASE', {'name': 'WAPE', 'epsilon': 1.0}, {'name': 'WQL', 'epsilon': 1.0}]","[0.1, 0.2, 0.3, 0.4, 0.5, 0.6, 0.7, 0.8, 0.9]",id,timestamp,target,,"['System load forecast', 'Zonal COMED load foecast']",[],[],epf_pjm,0.5642012895177768,8.862954101990908,0.054732365533709526,20,7087b94a370e1baa,False,0.7.1,0.5642012895177768,0.5642012895177768,0.09983544502012089,0.09983544490437812,192,512,True,True,True,True
autoar,autogluon/fev_datasets,rossmann_1D,48,10,-480,48,1,,7,SQL,"['MASE', {'name': 'WAPE', 'epsilon': 1.0}, {'name': 'WQL', 'epsilon': 1.0}]","[0.1, 0.2, 0.3, 0.4, 0.5, 0.6, 0.7, 0.8, 0.9]",id,timestamp,Sales,,"['DayOfWeek', 'Open', 'Promo', 'SchoolHoliday', 'StateHoliday']",['Customers'],"['Assortment', 'CompetitionDistance', 'CompetitionOpenSinceMonth', 'CompetitionOpenSinceYear', 'Promo2', 'Promo2SinceWeek', 'Promo2SinceYear', 'PromoInterval', 'Store', 'StoreType']",rossmann_1D,1.0128784984775394,8.574285492766649,0.6442901748232543,11150,29ae5d8fec87a1fd,False,0.7.1,1.0128784984775394,1.0128784984775394,0.34565232393739703,0.3456523215397649,192,413,True,True,True,True
autoar,autogluon/fev_datasets,rossmann_1W,13,8,-104,13,1,,1,SQL,"['MASE', {'name': 'WAPE', 'epsilon': 1.0}, {'name': 'WQL', 'epsilon': 1.0}]","[0.1, 0.2, 0.3, 0.4, 0.5, 0.6, 0.7, 0.8, 0.9]",id,timestamp,Sales,,"['Open', 'Promo', 'SchoolHoliday', 'StateHoliday']",['Customers'],"['Assortment', 'CompetitionDistance', 'CompetitionOpenSinceMonth', 'CompetitionOpenSinceYear', 'Promo2', 'Promo2SinceWeek', 'Promo2SinceYear', 'PromoInterval', 'Store', 'StoreType']",rossmann_1W,0.8384275847178309,0.761332152877003,0.016403989866375923,8920,cfc14443664745b2,False,0.7.1,0.8384275847178309,0.8384275847178309,0.2274873826387409,0.22748738918850908,14,15,True,True,True,True
autoar,autogluon/fev_datasets,restaurant,28,8,-224,28,1,,7,SQL,"['MASE', {'name': 'WAPE', 'epsilon': 1.0}, {'name': 'WQL', 'epsilon': 1.0}]","[0.1, 0.2, 0.3, 0.4, 0.5, 0.6, 0.7, 0.8, 0.9]",id,timestamp,target,,[],[],"['air_area_name', 'air_genre_name', 'latitude', 'longitude']",restaurant,0.9036964575363282,4.368309719022363,0.7357243252918124,6502,cc84996f184fc2f6,False,0.7.1,0.9036964575363282,0.9036964575363282,0.38547785431945736,0.38547785227485987,192,225,True,True,True,True
autoar,autogluon/fev_datasets,hermes,52,1,-52,52,1,,1,SQL,"['MASE', {'name': 'WAPE', 'epsilon': 1.0}, {'name': 'WQL', 'epsilon': 1.0}]","[0.1, 0.2, 0.3, 0.4, 0.5, 0.6, 0.7, 0.8, 0.9]",id,timestamp,target,,['external'],[],"['category', 'country']",hermes,0.8099854576665646,2.2364322533831,0.11869578901678324,10000,e1d9809dc251e19b,False,0.7.1,0.8099854576665646,0.8099854576665646,0.0030119116923878315,0.0030119116923878315,128,156,True,True,True,True
autoar,autogluon/fev_datasets,walmart,39,1,-39,39,1,,1,SQL,"['MASE', {'name': 'WAPE', 'epsilon': 1.0}, {'name': 'WQL', 'epsilon': 1.0}]","[0.1, 0.2, 0.3, 0.4, 0.5, 0.6, 0.7, 0.8, 0.9]",id,timestamp,target,,"['CPI', 'Fuel_Price', 'IsHoliday', 'MarkDown1', 'MarkDown2', 'MarkDown3', 'MarkDown4', 'MarkDown5', 'Temperature', 'Unemployment']",[],"['Dept', 'Size', 'Store', 'Type']",walmart,0.9826379817016629,0.17148113530129194,0.29241407103836536,2936,c55b4fd4c5773129,False,0.7.1,0.9826379817016629,0.9826379817016629,0.11256006330272599,0.11256006196467927,62,64,True,True,True,True
autoar,autogluon/fev_datasets,m5_1D,28,1,-28,28,1,,7,SQL,"['MASE', {'name': 'WAPE', 'epsilon': 1.0}, {'name': 'WQL', 'epsilon': 1.0}]","[0.1, 0.2, 0.3, 0.4, 0.5, 0.6, 0.7, 0.8, 0.9]",id,timestamp,target,,"['event_Cultural', 'event_National', 'event_Religious', 'event_Sporting', 'sell_price', 'snap_CA', 'snap_TX', 'snap_WI']",[],"['cat_id', 'dept_id', 'item_id', 'state_id', 'store_id']",m5_1D,1.113873437160978,12.403293350245804,0.03525309218093753,30490,f11a35ff7f7adf0e,False,0.7.1,1.113873437160978,1.113873437160978,0.7955421980063201,0.7955421918443111,192,512,True,True,True,True
autoar,autogluon/fev_datasets,m5_1W,13,1,-13,13,1,,1,SQL,"['MASE', {'name': 'WAPE', 'epsilon': 1.0}, {'name': 'WQL', 'epsilon': 1.0}]","[0.1, 0.2, 0.3, 0.4, 0.5, 0.6, 0.7, 0.8, 0.9]",id,timestamp,target,,"['event_Cultural', 'event_National', 'event_Religious', 'event_Sporting', 'sell_price', 'snap_CA', 'snap_TX', 'snap_WI']",[],"['cat_id', 'dept_id', 'item_id', 'state_id', 'store_id']",m5_1W,1.141024634448392,8.04339143494144,0.017166406847536564,30490,8d7cc2396f52bcbc,False,0.7.1,1.141024634448392,1.141024634448392,0.43311123693956477,0.43311122595627166,192,253,True,True,True,True
autoar,autogluon/fev_datasets,m5_1M,12,1,-12,12,6,,12,SQL,"['MASE', {'name': 'WAPE', 'epsilon': 1.0}, {'name': 'WQL', 'epsilon': 1.0}]","[0.1, 0.2, 0.3, 0.4, 0.5, 0.6, 0.7, 0.8, 0.9]",id,timestamp,target,,"['event_Cultural', 'event_National', 'event_Religious', 'event_Sporting', 'sell_price', 'snap_CA', 'snap_TX', 'snap_WI']",[],"['cat_id', 'dept_id', 'item_id', 'state_id', 'store_id']",m5_1M,1.1570879578911641,1.3241753550246358,0.23473243787884712,29364,5d40840afc423bdf,False,0.7.1,1.1570879578911641,1.1570879578911641,0.42821835271111225,0.4282183374569538,24,39,True,True,True,True
autoar,autogluon/fev_datasets,hierarchical_sales_1D,28,10,-280,28,1,,7,SQL,"['MASE', {'name': 'WAPE', 'epsilon': 1.0}, {'name': 'WQL', 'epsilon': 1.0}]","[0.1, 0.2, 0.3, 0.4, 0.5, 0.6, 0.7, 0.8, 0.9]",id,timestamp,target,,[],[],[],hierarchical_sales_1D,0.7888042537083176,6.58739689970389,1.3759403764270246,1180,0ecbb4076fd5ba78,False,0.7.1,0.7888042537083176,0.7888042537083176,0.827923827637348,0.8279238321446811,192,512,True,True,True,True
autoar,autogluon/fev_datasets,hierarchical_sales_1W,13,10,-130,13,1,,1,SQL,"['MASE', {'name': 'WAPE', 'epsilon': 1.0}, {'name': 'WQL', 'epsilon': 1.0}]","[0.1, 0.2, 0.3, 0.4, 0.5, 0.6, 0.7, 0.8, 0.9]",id,timestamp,target,,[],[],[],hierarchical_sales_1W,0.9421663118385728,1.0628123790957034,0.01843688217923045,1180,691bd281f0ad7adc,False,0.7.1,0.9421663118385728,0.9421663118385728,0.592371382808947,0.5923713714586145,96,116,True,True,True,True
autoar,autogluon/fev_datasets,favorita_stores_1D,28,10,-280,28,1,,7,SQL,"['MASE', {'name': 'WAPE', 'epsilon': 1.0}, {'name': 'WQL', 'epsilon': 1.0}]","[0.1, 0.2, 0.3, 0.4, 0.5, 0.6, 0.7, 0.8, 0.9]",id,timestamp,sales,,"['holiday', 'onpromotion']",['oil_price'],"['city', 'cluster', 'family', 'state', 'store_nbr', 'type']",favorita_stores_1D,1.4586893702839867,9.35344183864072,0.42669133516028523,15790,7c6ded4c862d08bd,False,0.7.1,1.4586893702839867,1.4586893702839867,0.19670040144965928,0.1967004020330008,192,512,True,True,True,True
autoar,autogluon/fev_datasets,favorita_stores_1W,13,10,-130,13,1,,1,SQL,"['MASE', {'name': 'WAPE', 'epsilon': 1.0}, {'name': 'WQL', 'epsilon': 1.0}]","[0.1, 0.2, 0.3, 0.4, 0.5, 0.6, 0.7, 0.8, 0.9]",id,timestamp,sales,,['onpromotion'],['oil_price'],"['city', 'cluster', 'family', 'state', 'store_nbr', 'type']",favorita_stores_1W,2.696249107345619,1.8403327455744147,0.029303828720003366,15790,1cf7145738b8996c,False,0.7.1,2.696249107345619,2.696249107345619,0.1753610884419352,0.17536109359718852,64,96,True,True,True,True
autoar,autogluon/fev_datasets,favorita_stores_1M,12,2,-24,12,1,,12,SQL,"['MASE', {'name': 'WAPE', 'epsilon': 1.0}, {'name': 'WQL', 'epsilon': 1.0}]","[0.1, 0.2, 0.3, 0.4, 0.5, 0.6, 0.7, 0.8, 0.9]",id,timestamp,sales,,['onpromotion'],['oil_price'],"['city', 'cluster', 'family', 'state', 'store_nbr', 'type']",favorita_stores_1M,2.1859455427226013,0.241710240021348,0.003719619009643793,3158,90adf27f0175f9ae,False,0.7.1,2.1859455427226013,2.1859455427226013,0.1472072678251281,0.14720725961029354,12,17,True,True,True,True
autoar,autogluon/fev_datasets,favorita_transactions_1D,28,10,-280,28,1,,7,SQL,"['MASE', {'name': 'WAPE', 'epsilon': 1.0}, {'name': 'WQL', 'epsilon': 1.0}]","[0.1, 0.2, 0.3, 0.4, 0.5, 0.6, 0.7, 0.8, 0.9]",id,timestamp,transactions,,['holiday'],['oil_price'],"['city', 'cluster', 'state', 'store_nbr', 'type']",favorita_transactions_1D,1.4538832396404189,4.969371750019491,0.031034475192427635,510,93e47f4edb5bcbe1,False,0.7.1,1.4538832396404189,1.4538832396404189,0.11258787447672006,0.1125878745776003,192,512,True,True,True,True
autoar,autogluon/fev_datasets,favorita_transactions_1W,13,10,-130,13,1,,1,SQL,"['MASE', {'name': 'WAPE', 'epsilon': 1.0}, {'name': 'WQL', 'epsilon': 1.0}]","[0.1, 0.2, 0.3, 0.4, 0.5, 0.6, 0.7, 0.8, 0.9]",id,timestamp,transactions,,[],['oil_price'],"['city', 'cluster', 'state', 'store_nbr', 'type']",favorita_transactions_1W,1.8956987792862559,1.027712139301002,0.018066316843032837,510,19b5577b63233e9d,False,0.7.1,1.8956987792862559,1.8956987792862559,0.07181998915326801,0.0718199895477721,64,96,True,True,True,True
autoar,autogluon/fev_datasets,favorita_transactions_1M,12,2,-24,12,1,,12,SQL,"['MASE', {'name': 'WAPE', 'epsilon': 1.0}, {'name': 'WQL', 'epsilon': 1.0}]","[0.1, 0.2, 0.3, 0.4, 0.5, 0.6, 0.7, 0.8, 0.9]",id,timestamp,transactions,,[],['oil_price'],"['city', 'cluster', 'state', 'store_nbr', 'type']",favorita_transactions_1M,1.3821803212898898,0.19383554719388485,0.0031697573140263557,102,6f7b1122146e5d93,False,0.7.1,1.3821803212898898,1.3821803212898898,0.08271158619244867,0.08271158795760772,12,17,True,True,True,True
autoar,autogluon/fev_datasets,solar_with_weather_15T,96,20,-1920,96,1,,96,SQL,"['MASE', {'name': 'WAPE', 'epsilon': 1.0}, {'name': 'WQL', 'epsilon': 1.0}]","[0.1, 0.2, 0.3, 0.4, 0.5, 0.6, 0.7, 0.8, 0.9]",id,timestamp,target,,"['day_length', 'humidity', 'pressure', 'rain_1h', 'snow_1h', 'temp', 'wind_speed']","['clouds_all', 'global_horizontal_irradiance']",[],solar_with_weather_15T,1.0229043326606393,15.904415018856525,0.17970519280061126,20,0b6d5a3c52af6282,False,0.7.1,1.0229043326606393,1.0229043326606393,1.265096257800211,1.265096251218317,384,512,True,True,True,True
autoar,autogluon/fev_datasets,solar_with_weather_1H,24,20,-480,24,1,,24,SQL,"['MASE', {'name': 'WAPE', 'epsilon': 1.0}, {'name': 'WQL', 'epsilon': 1.0}]","[0.1, 0.2, 0.3, 0.4, 0.5, 0.6, 0.7, 0.8, 0.9]",id,timestamp,target,,"['day_length', 'humidity', 'pressure', 'rain_1h', 'snow_1h', 'temp', 'wind_speed']","['clouds_all', 'global_horizontal_irradiance']",[],solar_with_weather_1H,1.1173644847780708,7.974000184331089,0.056945180520415306,20,1ae39ff7d1aba62c,False,0.7.1,1.1173644847780708,1.1173644847780708,1.271275650181431,1.2712756678305632,192,512,True,True,True,True
autoar,autogluon/fev_datasets,solar_1D,28,10,-280,28,1,,1,SQL,"['MASE', {'name': 'WAPE', 'epsilon': 1.0}, {'name': 'WQL', 'epsilon': 1.0}]","[0.1, 0.2, 0.3, 0.4, 0.5, 0.6, 0.7, 0.8, 0.9]",id,timestamp,target,,[],[],[],solar_1D,1.0226884003761545,0.9446237944066525,0.03206892777234316,1370,4a9fb28f2a62f798,False,0.7.1,1.0226884003761545,1.0226884003761545,0.31937411887505407,0.31937411976923397,56,56,True,True,True,True
autoar,autogluon/fev_datasets,solar_1W,13,1,-13,13,1,,1,SQL,"['MASE', {'name': 'WAPE', 'epsilon': 1.0}, {'name': 'WQL', 'epsilon': 1.0}]","[0.1, 0.2, 0.3, 0.4, 0.5, 0.6, 0.7, 0.8, 0.9]",id,timestamp,target,,[],[],[],solar_1W,1.5075050942409247,0.05377386137843132,0.001742699183523655,137,856de5fa702db186,False,0.7.1,1.5075050942409247,1.5075050942409247,0.25335743467189037,0.25335744028804225,24,25,True,True,True,True
autoar,autogluon/fev_datasets,kdd_cup_2022_10T,288,10,-2880,288,1,,144,SQL,"['MASE', {'name': 'WAPE', 'epsilon': 1.0}, {'name': 'WQL', 'epsilon': 1.0}]","[0.1, 0.2, 0.3, 0.4, 0.5, 0.6, 0.7, 0.8, 0.9]",id,timestamp,Patv,,[],"['Etmp', 'Itmp', 'Ndir', 'Pab1', 'Pab2', 'Pab3', 'Prtv', 'Wdir', 'Wspd']",[],kdd_cup_2022_10T,0.6924873289011056,10.735597236081958,0.5174499065615237,1340,571bae673e4dccdd,False,0.7.1,0.6924873289011056,0.6924873289011056,2.7318699767477144,2.731870002794237,288,512,True,True,True,True
autoar,autogluon/fev_datasets,kdd_cup_2022_30T,96,10,-960,96,1,,48,SQL,"['MASE', {'name': 'WAPE', 'epsilon': 1.0}, {'name': 'WQL', 'epsilon': 1.0}]","[0.1, 0.2, 0.3, 0.4, 0.5, 0.6, 0.7, 0.8, 0.9]",id,timestamp,Patv,,[],"['Etmp', 'Itmp', 'Ndir', 'Pab1', 'Pab2', 'Pab3', 'Prtv', 'Wdir', 'Wspd']",[],kdd_cup_2022_30T,0.6746509130536694,9.831829228904098,0.2102240240201354,1340,bf18bd35bb0df915,False,0.7.1,0.6746509130536694,0.6746509130536694,2.4511823762622487,2.451182453542738,288,512,True,True,True,True
autoar,autogluon/fev_datasets,kdd_cup_2022_1D,14,10,-140,14,1,,1,SQL,"['MASE', {'name': 'WAPE', 'epsilon': 1.0}, {'name': 'WQL', 'epsilon': 1.0}]","[0.1, 0.2, 0.3, 0.4, 0.5, 0.6, 0.7, 0.8, 0.9]",id,timestamp,Patv,,[],"['Etmp', 'Itmp', 'Ndir', 'Pab1', 'Pab2', 'Pab3', 'Prtv', 'Wdir', 'Wspd']",[],kdd_cup_2022_1D,1.5940787223400914,1.4984407513402402,0.016497360542416573,1340,739c6625d30e6169,False,0.7.1,1.5940787223400914,1.5940787223400914,1.2535961571792924,1.2535961511086675,64,88,True,True,True,True
autoar,autogluon/fev_datasets,uci_air_quality_1H,168,20,-3360,168,1,,24,SQL,"['MASE', {'name': 'WAPE', 'epsilon': 1.0}, {'name': 'WQL', 'epsilon': 1.0}]","[0.1, 0.2, 0.3, 0.4, 0.5, 0.6, 0.7, 0.8, 0.9]",id,timestamp,"['C6H6(GT)', 'CO(GT)', 'NO2(GT)', 'NOx(GT)']",,"['AH', 'RH', 'T']",[],[],uci_air_quality_1H,1.1952833862200467,6.521087326109409,0.2850715243257582,80,031d3ed27aba2c43,False,0.7.1,1.1952833862200467,1.1952833862200467,0.40149913751850413,0.40149914060531733,192,512,True,True,True,True
autoar,autogluon/fev_datasets,uci_air_quality_1D,28,11,-308,28,1,,7,SQL,"['MASE', {'name': 'WAPE', 'epsilon': 1.0}, {'name': 'WQL', 'epsilon': 1.0}]","[0.1, 0.2, 0.3, 0.4, 0.5, 0.6, 0.7, 0.8, 0.9]",id,timestamp,"['C6H6(GT)', 'CO(GT)', 'NO2(GT)', 'NOx(GT)']",,"['AH', 'RH', 'T']",[],[],uci_air_quality_1D,1.802892147482403,1.1815724223852158,0.036216328386217356,44,2ef57ff0fd03a862,False,0.7.1,1.802892147482403,1.802892147482403,0.369802476513398,0.36980247823385376,42,52,True,True,True,True
autoar,autogluon/fev_datasets,LOOP_SEATTLE_5T,288,10,-2880,288,1,,288,SQL,"['MASE', {'name': 'WAPE', 'epsilon': 1.0}, {'name': 'WQL', 'epsilon': 1.0}]","[0.1, 0.2, 0.3, 0.4, 0.5, 0.6, 0.7, 0.8, 0.9]",id,timestamp,target,,[],[],[],LOOP_SEATTLE_5T,0.8731181148965124,10.742755566723645,0.3928964571096003,3230,c2739a4b195beef3,False,0.7.1,0.8731181148965124,0.8731181148965124,0.09550489514432067,0.09550489225699829,288,512,True,True,True,True
autoar,autogluon/fev_datasets,LOOP_SEATTLE_1D,28,10,-280,28,1,,7,SQL,"['MASE', {'name': 'WAPE', 'epsilon': 1.0}, {'name': 'WQL', 'epsilon': 1.0}]","[0.1, 0.2, 0.3, 0.4, 0.5, 0.6, 0.7, 0.8, 0.9]",id,timestamp,target,,[],[],[],LOOP_SEATTLE_1D,1.2779162929353278,1.6897254758514464,0.03647513501346111,3230,02d7b9f04d1c3187,False,0.7.1,1.2779162929353278,1.2779162929353278,0.048725819848189834,0.04872582080425765,42,56,True,True,True,True
autoar,autogluon/fev_datasets,LOOP_SEATTLE_1H,168,10,-1680,168,1,,24,SQL,"['MASE', {'name': 'WAPE', 'epsilon': 1.0}, {'name': 'WQL', 'epsilon': 1.0}]","[0.1, 0.2, 0.3, 0.4, 0.5, 0.6, 0.7, 0.8, 0.9]",id,timestamp,target,,[],[],[],LOOP_SEATTLE_1H,1.369247534371861,9.637633793056011,0.6671810033731163,3230,08811ee17f93df42,False,0.7.1,1.369247534371861,1.369247534371861,0.11865402712004736,0.11865402722435374,192,512,True,True,True,True
autoar,autogluon/fev_datasets,M_DENSE_1D,28,10,-280,28,1,,7,SQL,"['MASE', {'name': 'WAPE', 'epsilon': 1.0}, {'name': 'WQL', 'epsilon': 1.0}]","[0.1, 0.2, 0.3, 0.4, 0.5, 0.6, 0.7, 0.8, 0.9]",id,timestamp,target,,[],[],[],M_DENSE_1D,1.5861662537646566,1.7639370635151863,0.03463236754760146,300,12417cabd3e820d7,False,0.7.1,1.5861662537646566,1.5861662537646566,0.17917443308163475,0.17917442693219726,42,421,True,True,True,True
autoar,autogluon/fev_datasets,M_DENSE_1H,168,10,-1680,168,1,,24,SQL,"['MASE', {'name': 'WAPE', 'epsilon': 1.0}, {'name': 'WQL', 'epsilon': 1.0}]","[0.1, 0.2, 0.3, 0.4, 0.5, 0.6, 0.7, 0.8, 0.9]",id,timestamp,target,,[],[],[],M_DENSE_1H,0.9001480895486406,10.081061359029263,0.5502075054682791,300,e973593b94c21fa6,False,0.7.1,0.9001480895486406,0.9001480895486406,0.18258879491585414,0.18258879217526752,192,512,True,True,True,True
autoar,autogluon/fev_datasets,SZ_TAXI_15T,96,10,-960,96,1,,96,SQL,"['MASE', {'name': 'WAPE', 'epsilon': 1.0}, {'name': 'WQL', 'epsilon': 1.0}]","[0.1, 0.2, 0.3, 0.4, 0.5, 0.6, 0.7, 0.8, 0.9]",id,timestamp,target,,[],[],[],SZ_TAXI_15T,0.5401451205139326,9.7849090998061,0.5706093534827232,1560,3e6f0d3380ac07cc,False,0.7.1,0.5401451205139326,0.5401451205139326,0.2574151554843458,0.2574151593150146,384,512,True,True,True,True
autoar,autogluon/fev_datasets,SZ_TAXI_1H,168,2,-336,168,1,,24,SQL,"['MASE', {'name': 'WAPE', 'epsilon': 1.0}, {'name': 'WQL', 'epsilon': 1.0}]","[0.1, 0.2, 0.3, 0.4, 0.5, 0.6, 0.7, 0.8, 0.9]",id,timestamp,target,,[],[],[],SZ_TAXI_1H,0.7182836063983132,1.3769978298805654,0.02859222423285246,312,7c28d9c08a8a99d2,False,0.7.1,0.7182836063983132,0.7182836063983132,0.2456036173443888,0.24560362968823674,192,239,True,True,True,True
autoar,autogluon/fev_datasets,redset_5T,288,10,-2880,288,1,,288,SQL,"['MASE', {'name': 'WAPE', 'epsilon': 1.0}, {'name': 'WQL', 'epsilon': 1.0}]","[0.1, 0.2, 0.3, 0.4, 0.5, 0.6, 0.7, 0.8, 0.9]",id,timestamp,target,,[],[],['subset'],redset_5T,3.240223455565352,10.128967341035604,0.643053344450891,1180,4776bd88b54d8a04,False,0.7.1,3.240223455565352,3.240223455565352,0.7446200163127596,0.7446200068307571,288,512,True,True,True,True
autoar,autogluon/fev_datasets,redset_15T,96,10,-960,96,1,,96,SQL,"['MASE', {'name': 'WAPE', 'epsilon': 1.0}, {'name': 'WQL', 'epsilon': 1.0}]","[0.1, 0.2, 0.3, 0.4, 0.5, 0.6, 0.7, 0.8, 0.9]",id,timestamp,target,,[],[],['subset'],redset_15T,38.978247769025266,9.336113138124347,0.09012984205037355,1260,391e616eee276356,False,0.7.1,38.978247769025266,38.978247769025266,0.678566314104489,0.6785663122223522,384,512,True,True,True,True
autoar,autogluon/fev_datasets,redset_1H,24,10,-240,24,1,,24,SQL,"['MASE', {'name': 'WAPE', 'epsilon': 1.0}, {'name': 'WQL', 'epsilon': 1.0}]","[0.1, 0.2, 0.3, 0.4, 0.5, 0.6, 0.7, 0.8, 0.9]",id,timestamp,target,,[],[],['subset'],redset_1H,9.249404044721516,9.210966385900974,1.0416630953550339,1380,a7542f5bcc8cf4ab,False,0.7.1,9.249404044721516,9.249404044721516,0.5357652330014944,0.535765228285918,192,512,True,True,True,True
autoar,autogluon/fev_datasets,hospital_admissions_1D,28,20,-560,28,1,,7,SQL,"['MASE', {'name': 'WAPE', 'epsilon': 1.0}, {'name': 'WQL', 'epsilon': 1.0}]","[0.1, 0.2, 0.3, 0.4, 0.5, 0.6, 0.7, 0.8, 0.9]",id,timestamp,target,,[],[],[],hospital_admissions_1D,0.7320447283519573,4.306299323681742,0.06656053150072694,160,88f43f9f6a96b4f3,False,0.7.1,0.7320447283519573,0.7320447283519573,0.5430912637167462,0.5430912640166242,192,512,True,True,True,True
autoar,autogluon/fev_datasets,hospital_admissions_1W,13,16,-208,13,1,,1,SQL,"['MASE', {'name': 'WAPE', 'epsilon': 1.0}, {'name': 'WQL', 'epsilon': 1.0}]","[0.1, 0.2, 0.3, 0.4, 0.5, 0.6, 0.7, 0.8, 0.9]",id,timestamp,target,,[],[],[],hospital_admissions_1W,0.7704219916901984,1.3694202238693833,0.026718599256128073,128,70ba34804e0de04d,False,0.7.1,0.7704219916901984,0.7704219916901984,0.21685519130390474,0.21685519145724258,24,24,True,True,True,True
autoar,autogluon/fev_datasets,ETT_1W,13,5,-65,13,1,,1,SQL,"['MASE', {'name': 'WAPE', 'epsilon': 1.0}, {'name': 'WQL', 'epsilon': 1.0}]","[0.1, 0.2, 0.3, 0.4, 0.5, 0.6, 0.7, 0.8, 0.9]",id,timestamp,"['HUFL', 'HULL', 'LUFL', 'LULL', 'MUFL', 'MULL', 'OT']",,[],[],[],ETT_1W,3.0324226771659317,0.18512231996282935,0.009959003888070583,70,f285b410fbbb9427,False,0.7.1,3.0324226771659317,3.0324226771659317,0.6135428800791958,0.6135428690971894,23,24,True,True,True,True
autoar,autogluon/fev_datasets,ETT_1D,28,20,-560,28,1,,7,SQL,"['MASE', {'name': 'WAPE', 'epsilon': 1.0}, {'name': 'WQL', 'epsilon': 1.0}]","[0.1, 0.2, 0.3, 0.4, 0.5, 0.6, 0.7, 0.8, 0.9]",id,timestamp,"['HUFL', 'HULL', 'LUFL', 'LULL', 'MUFL', 'MULL', 'OT']",,[],[],[],ETT_1D,1.6069380208220234,1.5689926454797387,0.07580764032900333,280,087e55aa2b87745b,False,0.7.1,1.6069380208220234,1.6069380208220234,0.4367340470979242,0.4367340439298088,128,135,True,True,True,True
autoar,autogluon/fev_datasets,ETT_1H,168,20,-3360,168,1,,24,SQL,"['MASE', {'name': 'WAPE', 'epsilon': 1.0}, {'name': 'WQL', 'epsilon': 1.0}]","[0.1, 0.2, 0.3, 0.4, 0.5, 0.6, 0.7, 0.8, 0.9]",id,timestamp,"['HUFL', 'HULL', 'LUFL', 'LULL', 'MUFL', 'MULL', 'OT']",,[],[],[],ETT_1H,1.135762381847475,15.063132426701486,1.666944632306695,280,305bfc1cf6779b47,False,0.7.1,1.135762381847475,1.135762381847475,0.24503155432628793,0.24503155402877957,192,512,True,True,True,True
autoar,autogluon/fev_datasets,ETT_15T,96,20,-1920,96,1,,96,SQL,"['MASE', {'name': 'WAPE', 'epsilon': 1.0}, {'name': 'WQL', 'epsilon': 1.0}]","[0.1, 0.2, 0.3, 0.4, 0.5, 0.6, 0.7, 0.8, 0.9]",id,timestamp,"['HUFL', 'HULL', 'LUFL', 'LULL', 'MUFL', 'MULL', 'OT']",,[],[],[],ETT_15T,0.7641547595120681,17.52048173546791,0.19449246767908335,280,8cb2ab653e6a502b,False,0.7.1,0.7641547595120681,0.7641547595120681,0.12254925031247507,0.1225492512979729,384,512,True,True,True,True
autoar,autogluon/fev_datasets,hospital,12,4,-48,12,1,,12,SQL,"['MASE', {'name': 'WAPE', 'epsilon': 1.0}, {'name': 'WQL', 'epsilon': 1.0}]","[0.1, 0.2, 0.3, 0.4, 0.5, 0.6, 0.7, 0.8, 0.9]",id,timestamp,target,,[],[],[],hospital,0.8791639805375955,0.5497018680907786,0.007690859958529472,3068,9c6e8721c2eca10b,False,0.7.1,0.8791639805375955,0.8791639805375955,0.09272315620906635,0.09272315711961664,12,23,True,True,True,True
autoar,autogluon/fev_datasets,jena_weather_10T,144,20,-2880,144,1,,144,SQL,"['MASE', {'name': 'WAPE', 'epsilon': 1.0}, {'name': 'WQL', 'epsilon': 1.0}]","[0.1, 0.2, 0.3, 0.4, 0.5, 0.6, 0.7, 0.8, 0.9]",id,timestamp,"['target_0', 'target_1', 'target_10', 'target_11', 'target_12', 'target_13', 'target_14', 'target_15', 'target_16', 'target_17', 'target_18', 'target_19', 'target_2', 'target_20', 'target_3', 'target_4', 'target_5', 'target_6', 'target_7', 'target_8', 'target_9']",,[],[],[],jena_weather_10T,0.6918935620656175,17.88438960444182,0.7091432535089552,420,311a660faf591409,False,0.7.1,0.6918935620656175,0.6918935620656175,1.1892051352244555,1.189205138041483,288,512,True,True,True,True
autoar,autogluon/fev_datasets,jena_weather_1D,28,11,-308,28,1,,1,SQL,"['MASE', {'name': 'WAPE', 'epsilon': 1.0}, {'name': 'WQL', 'epsilon': 1.0}]","[0.1, 0.2, 0.3, 0.4, 0.5, 0.6, 0.7, 0.8, 0.9]",id,timestamp,"['target_0', 'target_1', 'target_10', 'target_11', 'target_12', 'target_13', 'target_14', 'target_15', 'target_16', 'target_17', 'target_18', 'target_19', 'target_2', 'target_20', 'target_3', 'target_4', 'target_5', 'target_6', 'target_7', 'target_8', 'target_9']",,[],[],[],jena_weather_1D,1.5896586551077063,1.6104932175949216,0.03808685718104243,231,81a9d748210aa612,False,0.7.1,1.5896586551077063,1.5896586551077063,0.37945653495795817,0.37945653281586866,29,29,True,True,True,True
autoar,autogluon/fev_datasets,jena_weather_1H,24,20,-480,24,1,,24,SQL,"['MASE', {'name': 'WAPE', 'epsilon': 1.0}, {'name': 'WQL', 'epsilon': 1.0}]","[0.1, 0.2, 0.3, 0.4, 0.5, 0.6, 0.7, 0.8, 0.9]",id,timestamp,"['target_0', 'target_1', 'target_10', 'target_11', 'target_12', 'target_13', 'target_14', 'target_15', 'target_16', 'target_17', 'target_18', 'target_19', 'target_2', 'target_20', 'target_3', 'target_4', 'target_5', 'target_6', 'target_7', 'target_8', 'target_9']",,[],[],[],jena_weather_1H,0.6546998613272477,13.576203847303987,4.137540638446808,420,8eb1d310607e8fee,False,0.7.1,0.6546998613272477,0.6546998613272477,0.9499334175844474,0.9499334215747929,192,512,True,True,True,True
autoar,autogluon/fev_datasets,bizitobs_l2c_1H,24,20,-480,24,1,,24,SQL,"['MASE', {'name': 'WAPE', 'epsilon': 1.0}, {'name': 'WQL', 'epsilon': 1.0}]","[0.1, 0.2, 0.3, 0.4, 0.5, 0.6, 0.7, 0.8, 0.9]",id,timestamp,"['target_0', 'target_1', 'target_2', 'target_3', 'target_4', 'target_5', 'target_6']",,[],[],[],bizitobs_l2c_1H,0.4883961025473849,3.8092837571166456,0.06181961530819535,140,fd3fb3349ee15a22,False,0.7.1,0.4883961025473849,0.4883961025473849,0.6669916375148542,0.6669916377877688,192,512,True,True,True,True
autoar,autogluon/fev_datasets,bizitobs_l2c_5T,288,20,-5760,288,1,,288,SQL,"['MASE', {'name': 'WAPE', 'epsilon': 1.0}, {'name': 'WQL', 'epsilon': 1.0}]","[0.1, 0.2, 0.3, 0.4, 0.5, 0.6, 0.7, 0.8, 0.9]",id,timestamp,"['target_0', 'target_1', 'target_2', 'target_3', 'target_4', 'target_5', 'target_6']",,[],[],[],bizitobs_l2c_5T,0.7279885715105769,18.396328440401703,0.7052822601981461,140,9cb515b57514a9ab,False,0.7.1,0.7279885715105769,0.7279885715105769,1.7132662876872236,1.713266286321721,288,512,True,True,True,True
autoar,autogluon/fev_datasets,australian_tourism,8,2,-16,8,1,,4,SQL,"['MASE', {'name': 'WAPE', 'epsilon': 1.0}, {'name': 'WQL', 'epsilon': 1.0}]","[0.1, 0.2, 0.3, 0.4, 0.5, 0.6, 0.7, 0.8, 0.9]",id,timestamp,target,,[],[],[],australian_tourism,1.0571503279151273,0.13744192058220506,0.0024207616224884987,178,e3e704ef830bb1f4,False,0.7.1,1.0571503279151273,1.0571503279151273,0.12176803659400504,0.12176803848083192,8,11,True,True,True,True
autoar,autogluon/fev_datasets,world_tourism,5,2,-10,5,1,,1,SQL,"['MASE', {'name': 'WAPE', 'epsilon': 1.0}, {'name': 'WQL', 'epsilon': 1.0}]","[0.1, 0.2, 0.3, 0.4, 0.5, 0.6, 0.7, 0.8, 0.9]",id,timestamp,target,,[],[],[],world_tourism,2.876467606600352,0.2560617374256253,0.0015390780754387379,356,0dbaf8acdb03871f,False,0.7.1,2.876467606600352,2.876467606600352,0.053279019706852185,0.053279018384324764,4,5,True,True,True,True
autoar,autogluon/fev_datasets,world_co2_emissions,5,9,-45,5,1,,1,SQL,"['MASE', {'name': 'WAPE', 'epsilon': 1.0}, {'name': 'WQL', 'epsilon': 1.0}]","[0.1, 0.2, 0.3, 0.4, 0.5, 0.6, 0.7, 0.8, 0.9]",id,timestamp,target,,[],[],[],world_co2_emissions,3.388332170247767,0.5919743687845767,0.007697774097323418,1719,e202df7b6b66eec1,False,0.7.1,3.388332170247767,3.388332170247767,0.0892075420042223,0.0892075433531792,8,9,True,True,True,True
autoar,autogluon/fev_datasets,world_life_expectancy,5,10,-50,5,1,,1,SQL,"['MASE', {'name': 'WAPE', 'epsilon': 1.0}, {'name': 'WQL', 'epsilon': 1.0}]","[0.1, 0.2, 0.3, 0.4, 0.5, 0.6, 0.7, 0.8, 0.9]",id,timestamp,target,,[],[],[],world_life_expectancy,1.9182949946673933,1.231214732863009,0.010206738952547312,2370,fa80fb81a8121b97,False,0.7.1,1.9182949946673933,1.9182949946673933,0.015242243268906214,0.015242242995624183,17,18,True,True,True,True
autoar,autogluon/fev_datasets,ercot_1H,168,20,-3360,168,1,,24,SQL,"['MASE', {'name': 'WAPE', 'epsilon': 1.0}, {'name': 'WQL', 'epsilon': 1.0}]","[0.1, 0.2, 0.3, 0.4, 0.5, 0.6, 0.7, 0.8, 0.9]",id,timestamp,target,,[],[],[],ercot_1H,1.3988424177480716,18.40044993162155,1.8281846600584686,160,ea7c064764004599,False,0.7.1,1.3988424177480716,1.3988424177480716,0.07232726248219719,0.07232726250703905,192,512,True,True,True,True
autoar,autogluon/fev_datasets,ercot_1D,28,20,-560,28,1,,7,SQL,"['MASE', {'name': 'WAPE', 'epsilon': 1.0}, {'name': 'WQL', 'epsilon': 1.0}]","[0.1, 0.2, 0.3, 0.4, 0.5, 0.6, 0.7, 0.8, 0.9]",id,timestamp,target,,[],[],[],ercot_1D,1.3194766568665477,8.79539674660191,0.06310528563335538,160,2d6981ffddeb4d36,False,0.7.1,1.3194766568665477,1.3194766568665477,0.10280786221353808,0.1028078594880261,192,512,True,True,True,True
autoar,autogluon/fev_datasets,ercot_1W,13,20,-260,13,1,,1,SQL,"['MASE', {'name': 'WAPE', 'epsilon': 1.0}, {'name': 'WQL', 'epsilon': 1.0}]","[0.1, 0.2, 0.3, 0.4, 0.5, 0.6, 0.7, 0.8, 0.9]",id,timestamp,target,,[],[],[],ercot_1W,1.40376058633172,3.9652566597796977,0.040371997747570276,160,17d56f9cde303936,False,0.7.1,1.40376058633172,1.40376058633172,0.0685517327866489,0.06855173046146436,192,512,True,True,True,True
autoar,autogluon/fev_datasets,ercot_1M,12,15,-180,12,1,,12,SQL,"['MASE', {'name': 'WAPE', 'epsilon': 1.0}, {'name': 'WQL', 'epsilon': 1.0}]","[0.1, 0.2, 0.3, 0.4, 0.5, 0.6, 0.7, 0.8, 0.9]",id,timestamp,target,,[],[],[],ercot_1M,1.0803646474193478,0.9354610326699913,0.025359351187944412,120,3b442c044564a810,False,0.7.1,1.0803646474193478,1.0803646474193478,0.05322681502209868,0.053226815118290596,12,18,True,True,True,True
autoar,autogluon/fev_datasets,uk_covid_utla_1D,28,10,-280,28,1,,7,SQL,"['MASE', {'name': 'WAPE', 'epsilon': 1.0}, {'name': 'WQL', 'epsilon': 1.0}]","[0.1, 0.2, 0.3, 0.4, 0.5, 0.6, 0.7, 0.8, 0.9]",id,timestamp,new_cases,,[],[],[],uk_covid_utla_1D/new,8.198650798344953,2.5970487175509334,0.5942912064492702,2140,2f859aada4961893,False,0.7.1,8.198650798344953,8.198650798344953,0.7392361023566212,0.7392361029418014,42,448,True,True,True,True
autoar,autogluon/fev_datasets,uk_covid_utla_1W,13,5,-65,13,1,,1,SQL,"['MASE', {'name': 'WAPE', 'epsilon': 1.0}, {'name': 'WQL', 'epsilon': 1.0}]","[0.1, 0.2, 0.3, 0.4, 0.5, 0.6, 0.7, 0.8, 0.9]",id,timestamp,cumulative_cases,,[],[],[],uk_covid_utla_1W/cumulative,17.880884412390422,0.9985521067865193,0.0093996268697083,1070,35d7c01fd444e4fd,False,0.7.1,17.880884412390422,17.880884412390422,0.17317728682081066,0.17317729271897642,29,30,True,True,True,True
autoar,autogluon/fev_datasets,uk_covid_nation_1D,28,20,-560,28,1,,7,SQL,"['MASE', {'name': 'WAPE', 'epsilon': 1.0}, {'name': 'WQL', 'epsilon': 1.0}]","[0.1, 0.2, 0.3, 0.4, 0.5, 0.6, 0.7, 0.8, 0.9]",id,timestamp,"['new_admissions', 'new_cases', 'new_deaths']",,[],"['hospital_cases', 'icu_ventilator_occupancy', 'new_vaccinated_1', 'new_vaccinated_2', 'new_vaccinated_3']",[],uk_covid_nation_1D/new,4.092730766432578,4.26948330970481,0.09835080755874515,240,dae0212e3fa73904,False,0.7.1,4.092730766432578,4.092730766432578,1.0875508984784532,1.087550913460287,128,168,True,True,True,True
autoar,autogluon/fev_datasets,uk_covid_nation_1D,28,20,-560,28,1,,1,SQL,"['MASE', {'name': 'WAPE', 'epsilon': 1.0}, {'name': 'WQL', 'epsilon': 1.0}]","[0.1, 0.2, 0.3, 0.4, 0.5, 0.6, 0.7, 0.8, 0.9]",id,timestamp,"['cumulative_admissions', 'cumulative_cases', 'cumulative_deaths']",,[],"['cumulative_vaccinated_1', 'cumulative_vaccinated_2', 'cumulative_vaccinated_3', 'hospital_cases', 'icu_ventilator_occupancy']",[],uk_covid_nation_1D/cumulative,12.51157123215,4.474275313783437,0.11703507928177714,240,dae0212e3fa73904,False,0.7.1,12.51157123215,12.51157123215,0.023861763882915867,0.023861764064183295,128,168,True,True,True,True
autoar,autogluon/fev_datasets,uk_covid_nation_1W,8,4,-32,8,1,,1,SQL,"['MASE', {'name': 'WAPE', 'epsilon': 1.0}, {'name': 'WQL', 'epsilon': 1.0}]","[0.1, 0.2, 0.3, 0.4, 0.5, 0.6, 0.7, 0.8, 0.9]",id,timestamp,"['new_admissions', 'new_cases', 'new_deaths']",,[],"['hospital_cases', 'icu_ventilator_occupancy', 'new_vaccinated_1', 'new_vaccinated_2', 'new_vaccinated_3']",[],uk_covid_nation_1W/new,23.876041336178,0.7609728556126356,0.009847736917436123,48,c1544674699f895d,False,0.7.1,23.876041336178,23.876041336178,3.406139617555782,3.406139617555782,64,68,True,True,True,True
autoar,autogluon/fev_datasets,uk_covid_nation_1W,8,4,-32,8,1,,1,SQL,"['MASE', {'name': 'WAPE', 'epsilon': 1.0}, {'name': 'WQL', 'epsilon': 1.0}]","[0.1, 0.2, 0.3, 0.4, 0.5, 0.6, 0.7, 0.8, 0.9]",id,timestamp,"['cumulative_admissions', 'cumulative_cases', 'cumulative_deaths']",,[],"['cumulative_vaccinated_1', 'cumulative_vaccinated_2', 'cumulative_vaccinated_3', 'hospital_cases', 'icu_ventilator_occupancy']",[],uk_covid_nation_1W/cumulative,23.730369513493947,0.6907361778430641,0.007899932097643614,48,c1544674699f895d,False,0.7.1,23.730369513493947,23.730369513493947,0.21652158522828843,0.21652158678343578,64,68,True,True,True,True
autoar,autogluon/fev_datasets,ecdc_ili,13,10,-130,13,1,,1,SQL,"['MASE', {'name': 'WAPE', 'epsilon': 1.0}, {'name': 'WQL', 'epsilon': 1.0}]","[0.1, 0.2, 0.3, 0.4, 0.5, 0.6, 0.7, 0.8, 0.9]",id,timestamp,target,,[],[],[],ecdc_ili,4.5778999863882435,0.8700499692931771,0.017502437345683575,240,c812e2dbfb11b987,False,0.7.1,4.5778999863882435,4.5778999863882435,1.2351957953358395,1.2351958187624805,64,72,True,True,True,True
autoar,autogluon/fev_datasets,boomlet_1062,288,20,-5760,288,1,,288,SQL,"['MASE', {'name': 'WAPE', 'epsilon': 1.0}, {'name': 'WQL', 'epsilon': 1.0}]","[0.1, 0.2, 0.3, 0.4, 0.5, 0.6, 0.7, 0.8, 0.9]",id,timestamp,"['target_0', 'target_1', 'target_10', 'target_11', 'target_12', 'target_13', 'target_14', 'target_15', 'target_16', 'target_17', 'target_18', 'target_19', 'target_2', 'target_20', 'target_3', 'target_4', 'target_5', 'target_6', 'target_7', 'target_8', 'target_9']",,[],[],[],boomlet_1062,0.8924217226656521,16.940663461573422,1.218760444317013,420,850914278ff7292f,False,0.7.1,0.8924217226656521,0.8924217226656521,0.7462659187258357,0.7462659192752312,288,512,True,True,True,True
autoar,autogluon/fev_datasets,boomlet_1209,288,20,-5760,288,1,,288,SQL,"['MASE', {'name': 'WAPE', 'epsilon': 1.0}, {'name': 'WQL', 'epsilon': 1.0}]","[0.1, 0.2, 0.3, 0.4, 0.5, 0.6, 0.7, 0.8, 0.9]",id,timestamp,"['target_0', 'target_1', 'target_10', 'target_11', 'target_12', 'target_13', 'target_14', 'target_15', 'target_16', 'target_17', 'target_18', 'target_19', 'target_2', 'target_20', 'target_21', 'target_22', 'target_23', 'target_24', 'target_25', 'target_26', 'target_27', 'target_28', 'target_29', 'target_3', 'target_30', 'target_31', 'target_32', 'target_33', 'target_34', 'target_35', 'target_36', 'target_37', 'target_38', 'target_39', 'target_4', 'target_40', 'target_41', 'target_42', 'target_43', 'target_44', 'target_45', 'target_46', 'target_47', 'target_48', 'target_49', 'target_5', 'target_50', 'target_51', 'target_52', 'target_6', 'target_7', 'target_8', 'target_9']",,[],[],[],boomlet_1209,1.2806071633305964,16.02309070993215,0.6675270739942789,1060,fc732419f4257b0c,False,0.7.1,1.2806071633305964,1.2806071633305964,0.526966268007046,0.5269662677555118,288,512,True,True,True,True
autoar,autogluon/fev_datasets,boomlet_1225,60,20,-1200,60,1,,1440,SQL,"['MASE', {'name': 'WAPE', 'epsilon': 1.0}, {'name': 'WQL', 'epsilon': 1.0}]","[0.1, 0.2, 0.3, 0.4, 0.5, 0.6, 0.7, 0.8, 0.9]",id,timestamp,"['target_0', 'target_1', 'target_10', 'target_11', 'target_12', 'target_13', 'target_14', 'target_15', 'target_16', 'target_17', 'target_18', 'target_19', 'target_2', 'target_20', 'target_21', 'target_22', 'target_23', 'target_24', 'target_25', 'target_26', 'target_27', 'target_28', 'target_29', 'target_3', 'target_30', 'target_31', 'target_32', 'target_33', 'target_34', 'target_35', 'target_36', 'target_37', 'target_38', 'target_39', 'target_4', 'target_40', 'target_41', 'target_42', 'target_43', 'target_44', 'target_45', 'target_46', 'target_47', 'target_48', 'target_5', 'target_6', 'target_7', 'target_8', 'target_9']",,[],[],[],boomlet_1225,0.2759515165640046,16.344450132921338,0.8697940791025758,980,e054f8c6bf020ac0,False,0.7.1,0.2759515165640046,0.2759515165640046,0.14629808084857862,0.1462980807279209,192,512,True,True,True,True
autoar,autogluon/fev_datasets,boomlet_1230,288,20,-5760,288,1,,288,SQL,"['MASE', {'name': 'WAPE', 'epsilon': 1.0}, {'name': 'WQL', 'epsilon': 1.0}]","[0.1, 0.2, 0.3, 0.4, 0.5, 0.6, 0.7, 0.8, 0.9]",id,timestamp,"['target_0', 'target_1', 'target_10', 'target_11', 'target_12', 'target_13', 'target_14', 'target_15', 'target_16', 'target_17', 'target_18', 'target_19', 'target_2', 'target_20', 'target_21', 'target_22', 'target_3', 'target_4', 'target_5', 'target_6', 'target_7', 'target_8', 'target_9']",,[],[],[],boomlet_1230,1.675165160373589,17.23409712780267,1.2204873021692038,460,c41ee8e342ded50d,False,0.7.1,1.675165160373589,1.675165160373589,0.393397790926599,0.39339779078096837,288,512,True,True,True,True
autoar,autogluon/fev_datasets,boomlet_1282,60,20,-1200,60,1,,1440,SQL,"['MASE', {'name': 'WAPE', 'epsilon': 1.0}, {'name': 'WQL', 'epsilon': 1.0}]","[0.1, 0.2, 0.3, 0.4, 0.5, 0.6, 0.7, 0.8, 0.9]",id,timestamp,"['target_0', 'target_1', 'target_10', 'target_11', 'target_12', 'target_13', 'target_14', 'target_15', 'target_16', 'target_17', 'target_18', 'target_19', 'target_2', 'target_20', 'target_21', 'target_22', 'target_23', 'target_24', 'target_25', 'target_26', 'target_27', 'target_28', 'target_29', 'target_3', 'target_30', 'target_31', 'target_32', 'target_33', 'target_34', 'target_4', 'target_5', 'target_6', 'target_7', 'target_8', 'target_9']",,[],[],[],boomlet_1282,0.6505642849173691,14.55944276181981,1.0396174471825361,700,b18492522498bc96,False,0.7.1,0.6505642849173691,0.6505642849173691,0.4479849352835372,0.44798493644478077,192,512,True,True,True,True
autoar,autogluon/fev_datasets,boomlet_1487,288,20,-5760,288,1,,288,SQL,"['MASE', {'name': 'WAPE', 'epsilon': 1.0}, {'name': 'WQL', 'epsilon': 1.0}]","[0.1, 0.2, 0.3, 0.4, 0.5, 0.6, 0.7, 0.8, 0.9]",id,timestamp,"['target_0', 'target_1', 'target_10', 'target_11', 'target_12', 'target_13', 'target_14', 'target_15', 'target_16', 'target_17', 'target_18', 'target_19', 'target_2', 'target_20', 'target_21', 'target_22', 'target_23', 'target_24', 'target_25', 'target_26', 'target_27', 'target_28', 'target_29', 'target_3', 'target_30', 'target_31', 'target_32', 'target_33', 'target_34', 'target_35', 'target_36', 'target_37', 'target_38', 'target_39', 'target_4', 'target_40', 'target_41', 'target_42', 'target_43', 'target_44', 'target_45', 'target_46', 'target_47', 'target_48', 'target_49', 'target_5', 'target_50', 'target_51', 'target_52', 'target_53', 'target_6', 'target_7', 'target_8', 'target_9']",,[],[],[],boomlet_1487,0.77462384691194,16.816713515203446,0.9361234181560576,1080,6e70705aa0d5c9b6,False,0.7.1,0.77462384691194,0.77462384691194,0.3071152987795819,0.3071152987795819,288,512,True,True,True,True
autoar,autogluon/fev_datasets,boomlet_1631,96,20,-1920,96,1,,48,SQL,"['MASE', {'name': 'WAPE', 'epsilon': 1.0}, {'name': 'WQL', 'epsilon': 1.0}]","[0.1, 0.2, 0.3, 0.4, 0.5, 0.6, 0.7, 0.8, 0.9]",id,timestamp,"['target_0', 'target_1', 'target_10', 'target_11', 'target_12', 'target_13', 'target_14', 'target_15', 'target_16', 'target_17', 'target_18', 'target_19', 'target_2', 'target_20', 'target_21', 'target_22', 'target_23', 'target_24', 'target_25', 'target_26', 'target_27', 'target_28', 'target_29', 'target_3', 'target_30', 'target_31', 'target_32', 'target_33', 'target_34', 'target_35', 'target_36', 'target_37', 'target_38', 'target_39', 'target_4', 'target_5', 'target_6', 'target_7', 'target_8', 'target_9']",,[],[],[],boomlet_1631,0.7675412061546419,15.749801700934768,0.7398998755961657,800,79eaf83557e2eeb4,False,0.7.1,0.7675412061546419,0.7675412061546419,0.3315750376250058,0.33157503708252994,288,512,True,True,True,True
autoar,autogluon/fev_datasets,boomlet_1676,96,20,-1920,96,1,,48,SQL,"['MASE', {'name': 'WAPE', 'epsilon': 1.0}, {'name': 'WQL', 'epsilon': 1.0}]","[0.1, 0.2, 0.3, 0.4, 0.5, 0.6, 0.7, 0.8, 0.9]",id,timestamp,"['target_0', 'target_1', 'target_10', 'target_11', 'target_12', 'target_13', 'target_14', 'target_15', 'target_16', 'target_17', 'target_18', 'target_19', 'target_2', 'target_20', 'target_21', 'target_22', 'target_23', 'target_24', 'target_25', 'target_26', 'target_27', 'target_28', 'target_29', 'target_3', 'target_30', 'target_31', 'target_32', 'target_33', 'target_34', 'target_35', 'target_36', 'target_37', 'target_38', 'target_39', 'target_4', 'target_40', 'target_41', 'target_42', 'target_43', 'target_44', 'target_45', 'target_46', 'target_47', 'target_48', 'target_49', 'target_5', 'target_50', 'target_51', 'target_52', 'target_53', 'target_54', 'target_55', 'target_56', 'target_57', 'target_58', 'target_59', 'target_6', 'target_60', 'target_61', 'target_62', 'target_63', 'target_64', 'target_65', 'target_66', 'target_67', 'target_68', 'target_69', 'target_7', 'target_70', 'target_71', 'target_72', 'target_73', 'target_74', 'target_75', 'target_76', 'target_77', 'target_78', 'target_79', 'target_8', 'target_80', 'target_81', 'target_82', 'target_83', 'target_84', 'target_85', 'target_86', 'target_87', 'target_88', 'target_89', 'target_9', 'target_90', 'target_91', 'target_92', 'target_93', 'target_94', 'target_95', 'target_96', 'target_97', 'target_98', 'target_99']",,[],[],[],boomlet_1676,0.8794275791033112,14.120139127597213,0.6104689198546112,2000,083dfc140fd4b463,False,0.7.1,0.8794275791033112,0.8794275791033112,0.40630928807517314,0.4063092878176806,288,512,True,True,True,True
autoar,autogluon/fev_datasets,boomlet_1855,24,20,-480,24,1,,24,SQL,"['MASE', {'name': 'WAPE', 'epsilon': 1.0}, {'name': 'WQL', 'epsilon': 1.0}]","[0.1, 0.2, 0.3, 0.4, 0.5, 0.6, 0.7, 0.8, 0.9]",id,timestamp,"['target_0', 'target_1', 'target_10', 'target_11', 'target_12', 'target_13', 'target_14', 'target_15', 'target_16', 'target_17', 'target_18', 'target_19', 'target_2', 'target_20', 'target_21', 'target_22', 'target_23', 'target_24', 'target_25', 'target_26', 'target_27', 'target_28', 'target_29', 'target_3', 'target_30', 'target_31', 'target_32', 'target_33', 'target_34', 'target_35', 'target_36', 'target_37', 'target_38', 'target_39', 'target_4', 'target_40', 'target_41', 'target_42', 'target_43', 'target_44', 'target_45', 'target_46', 'target_47', 'target_48', 'target_49', 'target_5', 'target_50', 'target_51', 'target_6', 'target_7', 'target_8', 'target_9']",,[],[],[],boomlet_1855,0.8122098128741799,15.488090530503541,1.1538254474289715,1040,3b655e92786b24dc,False,0.7.1,0.8122098128741799,0.8122098128741799,0.22921959182811352,0.22921959225974292,192,512,True,True,True,True
autoar,autogluon/fev_datasets,boomlet_1975,24,20,-480,24,1,,24,SQL,"['MASE', {'name': 'WAPE', 'epsilon': 1.0}, {'name': 'WQL', 'epsilon': 1.0}]","[0.1, 0.2, 0.3, 0.4, 0.5, 0.6, 0.7, 0.8, 0.9]",id,timestamp,"['target_0', 'target_1', 'target_10', 'target_11', 'target_12', 'target_13', 'target_14', 'target_15', 'target_16', 'target_17', 'target_18', 'target_19', 'target_2', 'target_20', 'target_21', 'target_22', 'target_23', 'target_24', 'target_25', 'target_26', 'target_27', 'target_28', 'target_29', 'target_3', 'target_30', 'target_31', 'target_32', 'target_33', 'target_34', 'target_35', 'target_36', 'target_37', 'target_38', 'target_39', 'target_4', 'target_40', 'target_41', 'target_42', 'target_43', 'target_44', 'target_45', 'target_46', 'target_47', 'target_48', 'target_49', 'target_5', 'target_50', 'target_51', 'target_52', 'target_53', 'target_54', 'target_55', 'target_56', 'target_57', 'target_58', 'target_59', 'target_6', 'target_60', 'target_61', 'target_62', 'target_63', 'target_64', 'target_65', 'target_66', 'target_67', 'target_68', 'target_69', 'target_7', 'target_70', 'target_71', 'target_72', 'target_73', 'target_74', 'target_8', 'target_9']",,[],[],[],boomlet_1975,0.331675883560206,14.776750259567052,0.8371318900026381,1500,6e1d9424c5ab2214,False,0.7.1,0.331675883560206,0.331675883560206,0.18854533858951378,0.18854533855338088,192,512,True,True,True,True
autoar,autogluon/fev_datasets,boomlet_2187,24,20,-480,24,1,,24,SQL,"['MASE', {'name': 'WAPE', 'epsilon': 1.0}, {'name': 'WQL', 'epsilon': 1.0}]","[0.1, 0.2, 0.3, 0.4, 0.5, 0.6, 0.7, 0.8, 0.9]",id,timestamp,"['target_0', 'target_1', 'target_10', 'target_11', 'target_12', 'target_13', 'target_14', 'target_15', 'target_16', 'target_17', 'target_18', 'target_19', 'target_2', 'target_20', 'target_21', 'target_22', 'target_23', 'target_24', 'target_25', 'target_26', 'target_27', 'target_28', 'target_29', 'target_3', 'target_30', 'target_31', 'target_32', 'target_33', 'target_34', 'target_35', 'target_36', 'target_37', 'target_38', 'target_39', 'target_4', 'target_40', 'target_41', 'target_42', 'target_43', 'target_44', 'target_45', 'target_46', 'target_47', 'target_48', 'target_49', 'target_5', 'target_50', 'target_51', 'target_52', 'target_53', 'target_54', 'target_55', 'target_56', 'target_57', 'target_58', 'target_59', 'target_6', 'target_60', 'target_61', 'target_62', 'target_63', 'target_64', 'target_65', 'target_66', 'target_67', 'target_68', 'target_69', 'target_7', 'target_70', 'target_71', 'target_72', 'target_73', 'target_74', 'target_75', 'target_76', 'target_77', 'target_78', 'target_79', 'target_8', 'target_80', 'target_81', 'target_82', 'target_83', 'target_84', 'target_85', 'target_86', 'target_87', 'target_88', 'target_89', 'target_9', 'target_90', 'target_91', 'target_92', 'target_93', 'target_94', 'target_95', 'target_96', 'target_97', 'target_98', 'target_99']",,[],[],[],boomlet_2187,1.3475482830025458,13.742026109714061,0.760034654289484,2000,c858af6e090b65d2,False,0.7.1,1.3475482830025458,1.3475482830025458,0.4658468546050417,0.46584685428053063,192,512,True,True,True,True
autoar,autogluon/fev_datasets,boomlet_285,60,20,-1200,60,1,,1440,SQL,"['MASE', {'name': 'WAPE', 'epsilon': 1.0}, {'name': 'WQL', 'epsilon': 1.0}]","[0.1, 0.2, 0.3, 0.4, 0.5, 0.6, 0.7, 0.8, 0.9]",id,timestamp,"['target_0', 'target_1', 'target_10', 'target_11', 'target_12', 'target_13', 'target_14', 'target_15', 'target_16', 'target_17', 'target_18', 'target_19', 'target_2', 'target_20', 'target_21', 'target_22', 'target_23', 'target_24', 'target_25', 'target_26', 'target_27', 'target_28', 'target_29', 'target_3', 'target_30', 'target_31', 'target_32', 'target_33', 'target_34', 'target_35', 'target_36', 'target_37', 'target_38', 'target_39', 'target_4', 'target_40', 'target_41', 'target_42', 'target_43', 'target_44', 'target_45', 'target_46', 'target_47', 'target_48', 'target_49', 'target_5', 'target_50', 'target_51', 'target_52', 'target_53', 'target_54', 'target_55', 'target_56', 'target_57', 'target_58', 'target_59', 'target_6', 'target_60', 'target_61', 'target_62', 'target_63', 'target_64', 'target_65', 'target_66', 'target_67', 'target_68', 'target_69', 'target_7', 'target_70', 'target_71', 'target_72', 'target_73', 'target_74', 'target_8', 'target_9']",,[],[],[],boomlet_285,0.7293807659431043,13.971435940358788,0.8300358853302896,1500,51287a29c5959696,False,0.7.1,0.7293807659431043,0.7293807659431043,0.24833795331532027,0.24833795335792921,192,512,True,True,True,True
autoar,autogluon/fev_datasets,boomlet_619,60,20,-1200,60,1,,1440,SQL,"['MASE', {'name': 'WAPE', 'epsilon': 1.0}, {'name': 'WQL', 'epsilon': 1.0}]","[0.1, 0.2, 0.3, 0.4, 0.5, 0.6, 0.7, 0.8, 0.9]",id,timestamp,"['target_0', 'target_1', 'target_10', 'target_11', 'target_12', 'target_13', 'target_14', 'target_15', 'target_16', 'target_17', 'target_18', 'target_19', 'target_2', 'target_20', 'target_21', 'target_22', 'target_23', 'target_24', 'target_25', 'target_26', 'target_27', 'target_28', 'target_29', 'target_3', 'target_30', 'target_31', 'target_32', 'target_33', 'target_34', 'target_35', 'target_36', 'target_37', 'target_38', 'target_39', 'target_4', 'target_40', 'target_41', 'target_42', 'target_43', 'target_44', 'target_45', 'target_46', 'target_47', 'target_48', 'target_49', 'target_5', 'target_50', 'target_51', 'target_6', 'target_7', 'target_8', 'target_9']",,[],[],[],boomlet_619,0.49726420007052213,15.16197127616033,1.223245557397604,1040,2d774f07b3096707,False,0.7.1,0.49726420007052213,0.49726420007052213,0.36618696478906454,0.3661869647218927,192,512,True,True,True,True
autoar,autogluon/fev_datasets,boomlet_772,60,20,-1200,60,1,,1440,SQL,"['MASE', {'name': 'WAPE', 'epsilon': 1.0}, {'name': 'WQL', 'epsilon': 1.0}]","[0.1, 0.2, 0.3, 0.4, 0.5, 0.6, 0.7, 0.8, 0.9]",id,timestamp,"['target_0', 'target_1', 'target_10', 'target_11', 'target_12', 'target_13', 'target_14', 'target_15', 'target_16', 'target_17', 'target_18', 'target_19', 'target_2', 'target_20', 'target_21', 'target_22', 'target_23', 'target_24', 'target_25', 'target_26', 'target_27', 'target_28', 'target_29', 'target_3', 'target_30', 'target_31', 'target_32', 'target_33', 'target_34', 'target_35', 'target_36', 'target_37', 'target_38', 'target_39', 'target_4', 'target_40', 'target_41', 'target_42', 'target_43', 'target_44', 'target_45', 'target_46', 'target_47', 'target_48', 'target_49', 'target_5', 'target_50', 'target_51', 'target_52', 'target_53', 'target_54', 'target_55', 'target_56', 'target_57', 'target_58', 'target_59', 'target_6', 'target_60', 'target_61', 'target_62', 'target_63', 'target_64', 'target_65', 'target_66', 'target_7', 'target_8', 'target_9']",,[],[],[],boomlet_772,0.5552493791526276,16.65489560831338,1.57068662205711,1340,cf7b0f7fe86838d5,False,0.7.1,0.5552493791526276,0.5552493791526276,0.2505083796288584,0.2505083800251538,192,512,True,True,True,True
autoar,autogluon/fev_datasets,boomlet_963,60,20,-1200,60,1,,1440,SQL,"['MASE', {'name': 'WAPE', 'epsilon': 1.0}, {'name': 'WQL', 'epsilon': 1.0}]","[0.1, 0.2, 0.3, 0.4, 0.5, 0.6, 0.7, 0.8, 0.9]",id,timestamp,"['target_0', 'target_1', 'target_10', 'target_11', 'target_12', 'target_13', 'target_14', 'target_15', 'target_16', 'target_17', 'target_18', 'target_19', 'target_2', 'target_20', 'target_21', 'target_22', 'target_23', 'target_24', 'target_25', 'target_26', 'target_27', 'target_3', 'target_4', 'target_5', 'target_6', 'target_7', 'target_8', 'target_9']",,[],[],[],boomlet_963,0.9744906175021271,15.51701004523784,0.7968189353123307,560,078a1fcb7a454b72,False,0.7.1,0.9744906175021271,0.9744906175021271,0.46426100522283187,0.4642610055955383,192,512,True,True,True,True
autoar,autogluon/fev_datasets,fred_md_2025,12,20,-240,12,1,,1,SQL,"['MASE', {'name': 'WAPE', 'epsilon': 1.0}, {'name': 'WQL', 'epsilon': 1.0}]","[0.1, 0.2, 0.3, 0.4, 0.5, 0.6, 0.7, 0.8, 0.9]",id,timestamp,"['CPIAUCSL', 'FEDFUNDS', 'PAYEMS']",,[],"['M2REAL', 'NONBORRES', 'PPICMM', 'TOTRESNS']",[],fred_md_2025/cee,5.686265833198026,3.3744718730449677,0.04091883962973952,60,764e9294023ee081,False,0.7.1,5.686265833198026,5.686265833198026,0.1453830877122972,0.14538308887410495,192,512,True,True,True,True
autoar,autogluon/fev_datasets,fred_qd_2025,8,20,-160,8,1,,1,SQL,"['MASE', {'name': 'WAPE', 'epsilon': 1.0}, {'name': 'WQL', 'epsilon': 1.0}]","[0.1, 0.2, 0.3, 0.4, 0.5, 0.6, 0.7, 0.8, 0.9]",id,timestamp,"['CPIAUCSL', 'FEDFUNDS', 'PAYEMS']",,[],"['M2REAL', 'NONBORRES', 'PPICMM', 'TOTRESNS']",[],fred_qd_2025/cee,5.941882002860171,1.15366027969867,0.022680442314594984,60,d257091c861020bf,False,0.7.1,5.941882002860171,5.941882002860171,0.4373998184417506,0.4373998207227606,64,97,True,True,True,True
autoar,autogluon/fev_datasets,fred_md_2025,12,20,-240,12,1,,1,SQL,"['MASE', {'name': 'WAPE', 'epsilon': 1.0}, {'name': 'WQL', 'epsilon': 1.0}]","[0.1, 0.2, 0.3, 0.4, 0.5, 0.6, 0.7, 0.8, 0.9]",id,timestamp,"['AAA', 'AWHMAN', 'BAA', 'BUSINVx', 'CPIAUCSL', 'CPIMEDSL', 'CUMFNS', 'DMANEMP', 'EXUSUKx', 'FEDFUNDS', 'GS1', 'GS10', 'GS5', 'HOUST', 'INDPRO', 'INVEST', 'IPBUSEQ', 'IPCONGD', 'IPDCONGD', 'IPDMAT', 'IPFINAL', 'IPMANSICS', 'IPMAT', 'IPNCONGD', 'IPNMAT', 'M2REAL', 'MANEMP', 'NDMANEMP', 'NONBORRES', 'PAYEMS', 'PERMIT', 'PPICMM', 'S&P 500', 'SRVPRD', 'TB3MS', 'TB6MS', 'TOTRESNS', 'UEMP15T26', 'UEMP27OV', 'UEMP5TO14', 'UEMPLT5', 'UEMPMEAN', 'UMCSENTx', 'UNRATE', 'USCONS', 'USFIRE', 'USGOOD', 'USGOVT', 'USTPU', 'USTRADE', 'VIXCLSx']",,[],[],[],fred_md_2025/macro,7.4472451868054605,6.793355123139918,0.03751195082440972,1020,764e9294023ee081,False,0.7.1,7.4472451868054605,7.4472451868054605,0.09692920729875468,0.09692920708446796,192,512,True,True,True,True
autoar,autogluon/fev_datasets,fred_qd_2025,8,20,-160,8,1,,1,SQL,"['MASE', {'name': 'WAPE', 'epsilon': 1.0}, {'name': 'WQL', 'epsilon': 1.0}]","[0.1, 0.2, 0.3, 0.4, 0.5, 0.6, 0.7, 0.8, 0.9]",id,timestamp,"['AAA', 'AWHMAN', 'BAA', 'BUSINVx', 'CPIAUCSL', 'CPIMEDSL', 'CUMFNS', 'DMANEMP', 'EXUSUKx', 'FEDFUNDS', 'GS1', 'GS10', 'GS5', 'HOUST', 'INDPRO', 'INVEST', 'IPBUSEQ', 'IPCONGD', 'IPDCONGD', 'IPDMAT', 'IPFINAL', 'IPMANSICS', 'IPMAT', 'IPNCONGD', 'IPNMAT', 'M2REAL', 'MANEMP', 'NDMANEMP', 'NONBORRES', 'PAYEMS', 'PERMIT', 'PPICMM', 'S&P 500', 'SRVPRD', 'TB3MS', 'TB6MS', 'TOTRESNS', 'UEMP15T26', 'UEMP27OV', 'UEMP5TO14', 'UEMPLT5', 'UEMPMEAN', 'UMCSENTx', 'UNRATE', 'USCONS', 'USFIRE', 'USGOOD', 'USGOVT', 'USTPU', 'USTRADE', 'VIXCLSx']",,[],[],[],fred_qd_2025/macro,4.813632699085805,2.4515307336114347,0.0278747477568686,1020,d257091c861020bf,False,0.7.1,4.813632699085805,4.813632699085805,0.126446985593947,0.12644698605193608,64,97,True,True,True,True
autoar,autogluon/fev_datasets,us_consumption_1M,12,10,-120,12,1,,12,SQL,"['MASE', {'name': 'WAPE', 'epsilon': 1.0}, {'name': 'WQL', 'epsilon': 1.0}]","[0.1, 0.2, 0.3, 0.4, 0.5, 0.6, 0.7, 0.8, 0.9]",id,timestamp,target,,[],[],[],us_consumption_1M,1.8061372800367113,2.547878535464406,0.021944341249763966,310,03c47cb66fc4f105,False,0.7.1,1.8061372800367113,1.8061372800367113,0.025234863091988958,0.02523486359384039,192,512,True,True,True,True
autoar,autogluon/fev_datasets,us_consumption_1Q,8,10,-80,8,1,,4,SQL,"['MASE', {'name': 'WAPE', 'epsilon': 1.0}, {'name': 'WQL', 'epsilon': 1.0}]","[0.1, 0.2, 0.3, 0.4, 0.5, 0.6, 0.7, 0.8, 0.9]",id,timestamp,target,,[],[],[],us_consumption_1Q,2.246066528219027,1.1114761857315898,0.013871966395527124,310,91f975812d53dcb0,False,0.7.1,2.246066528219027,2.246066528219027,0.03594684022623292,0.035946840207075934,16,173,True,True,True,True
autoar,autogluon/fev_datasets,us_consumption_1Y,5,10,-50,5,1,,1,SQL,"['MASE', {'name': 'WAPE', 'epsilon': 1.0}, {'name': 'WQL', 'epsilon': 1.0}]","[0.1, 0.2, 0.3, 0.4, 0.5, 0.6, 0.7, 0.8, 0.9]",id,timestamp,target,,[],[],[],us_consumption_1Y,4.552631617926538,0.5687855719588697,0.008521458599716425,310,941764347d4458f0,False,0.7.1,4.552631617926538,4.552631617926538,0.0825387779767387,0.08253877931796919,7,8,True,True,True,True
